title,field,sales_point
10대를 위한 데이터 과학 with 엔트리 : 일상의 문제를 데이터로 해결해보자!,총류,228
"24단계 실습으로 정복하는 쿠버네티스 : 헬름, 로키, 프로메테우스 등 현장에서 바로 활용할 수 있는 쿠버네티스 도구 활용법",총류,573
ChatGPT로 시작하는 대화형 인공지능 활용법,총류,559
GraphQL과 타입스크립트로 개발하는 웹 서비스 : 설계부터 개발 · 배포까지 따라 하며 완성하는 웹 풀스택 개발,총류,142
IT 비전공자를 위한 파이썬 업무 자동화(RPA),총류,624
XAI 설명 가능한 AI : 주요 파이썬 라이브러리를 활용한 개별 기술 학습과 실습까지,총류,403
가장 쉬운 독학 알고리즘 첫걸음 : 파이썬편 : 코딩 테스트에 대비하는 25가지 기초 알고리즘과 최적화,총류,313
기업의 DX와 5G : 기업의 디지털 혁신을 위한 5G 자가망 사례 및 도입/구축 입문서,총류,140
"김기현의 딥러닝 부트캠프 with 파이토치 : 기초부터 수식, 실습까지 담은 올인원 딥러닝 입문 교과서",총류,289
"나는 처세술 대신 데이터 분석을 택했다 : 쉽게 이해하고 활용할 수 있는 AI, Big Data 입문서",총류,424
설명,철학/심리학/윤리학,"17,770"
신유물론 : 몸과 물질의 행위성,철학/심리학/윤리학,"1,881"
아리스토텔레스 선집,철학/심리학/윤리학,956
아리스토텔레스의 심리철학,철학/심리학/윤리학,243
"의심하는 인간 : 확증편향의 시대, 인간에 대한 새롭고 오래된 대답",철학/심리학/윤리학,495
인공지능과 로봇의 윤리,철학/심리학/윤리학,358
인성교육의 철학과 방법,철학/심리학/윤리학,48
자연문화와 몸,철학/심리학/윤리학,175
자연법 연구 : 도덕의 원류를 찾아서,철학/심리학/윤리학,183
점필재 김종직의 도학 다시보기,철학/심리학/윤리학,16
정역심법 : 한대와 송대를 잇는 역학,철학/심리학/윤리학,200
중국사상과 죽음 이데올로기 : 나는 존재하는가,철학/심리학/윤리학,107
"철학, 개념 : 고대에서 현대까지",철학/심리학/윤리학,"1,665"
청대학술원류,철학/심리학/윤리학,58
치매와 인지-의사소통 : 인간 중심 재활,철학/심리학/윤리학,107
타자철학 : 현대 사상과 함께 타자를 생각하기,철학/심리학/윤리학,"1,696"
21세기의 부모교육,사회과학,45
4차 산업에서 재료와 표준,사회과학,30
4차 산업혁명 시대의 인공지능 알고리즘에 의한 법 분야 위험 예측,사회과학,46
4차 산업혁명과 조세,사회과학,25
96세 미키마우스가 현역인 비밀 : 문화콘텐츠 지식재산권 비즈니스,사회과학,65
AI시대의 경영전략 : 전략의 고수가 되는 비법,사회과학,124
AI와 사회 변화 : 지금 우리는 무엇을 준비해야 하는가,사회과학,153
"DAO, 미래의 조직이 만드는 새로운 기회",사회과학,216
jamovi 활용 사회과학 데이터분석 : 통계분석의 직관적인 이해와 활용,사회과학,214
갈등과 공존의 인도·태평양 : 각국의 인태전략,사회과학,39
경쟁과 경쟁제한성의 이해,사회과학,85
경제안보와 수출통제,사회과학,555
계속 팔리는 브랜드 경험의 법칙 : 기억이 머무는 브랜드의 비밀,사회과학,470
공감의 힘,사회과학,"6,575"
공공행복론,사회과학,50
공정과 경쟁의 장 : WTO 분쟁해결절차 이야기,사회과학,40
교사가 당면하는 문제의 원인 진단 및 처방 : 22개의 문제를 중심으로,사회과학,74
교실에서 교사가 개발하는 통합교육과정으로 수업과 평가 엮기,사회과학,521
그림으로 풀어낸 양도소득세 실무해설,사회과학,40
근대 한국학 교과서 해제,사회과학,35
금융 IT와 디지털 대전환,사회과학,50
금융기관 부실 개선제도 연구,사회과학,10
기후변화 시대 환경정책의 이해 : 규제에서 넛지까지,사회과학,306
"내러티브와 교육 : 삶, 앎, 그리고 가르침",사회과학,113
"논어의 교육학적 오독 : 공자와 제자들의 동행과 이행, 백가쟁명의 시대를 열다",사회과학,65
누구나 R 데이터 분석 : 한 권으로 데이터 분석 초급 과정 끝내기,사회과학,99
누구를 위한 지속가능발전인가? : 유엔 지속가능발전의 비판적 성찰,사회과학,151
다문화에서 미래를 찾는다 : 인구문제에서 이민청 신설까지,사회과학,100
당치(黨治)국가 중국 : 시진핑 시대 통치구조와 정치의 변화,사회과학,233
"대전환 시대 변혁의 교육학 : 유네스코, OECD의 교육 패러다임 전환을 중심으로",사회과학,602
도서 전쟁 : 출판계의 디지털 혁명,사회과학,75
도시재생의 사회학 : 마을에서 지역으로,사회과학,264
"독일 공법의 역사 : 헌법/행정법/국제법의 과거·현재와 미래, 16세기부터 21세기까지",사회과학,339
동양의 근대적 통치성,사회과학,38
"동자동, 당신이 살 권리 : 쪽방촌 공공개발과 주거의 미래",사회과학,"1,257"
디지털 시대 커뮤니케이션 정치경제학,사회과학,60
디지털 심미안 : K뷰티에서 찾은 디지털 세대의 미적 욕망,사회과학,65
로마법의 원리,사회과학,257
몸 테크닉,사회과학,"1,136"
문화와 사회를 읽는 키워드 : 레이먼드 윌리엄스 선집,사회과학,900
미국 형법의 비교법적 연구,사회과학,30
"미국, 독일, 프랑스, 일본을 중심으로 본 외국 단체교섭제도 연구",사회과학,115
"미디어, 종교로 상상하다",사회과학,409
민족지의 신화,사회과학,24
믿음의 공화국 : 게임이론으로 풀어낸 법경제학의 새로운 패러다임,사회과학,249
변혁적 도덕 역량 증진을 위한 도덕교육론,사회과학,641
보건행동경제학,사회과학,433
"보험, 기후위기를 듣다 : 기후리스크의 영향과 리스크 관리",사회과학,45
부산지역 노동운동사 : 유신 말기부터 IMF 위기 직전까지,사회과학,95
브랜드 경험의 본질,사회과학,156
비난 받는 교사 : 실패한 미국 교사 전문직화 정책의 역사,사회과학,196
비장애중심주의를 넘어 : 장애학 기반 장애이해교육,사회과학,344
"사이버안보 : 사이버공간에서의 정치, 거버넌스, 분쟁",사회과학,71
사회보장입법사연구 I,사회과학,21
사회보험과 관련 서비스 : 베버리지 보고서,사회과학,70
서비스경영 : 고객접점 실무중심,사회과학,80
선악과와 처녀 잉태 : 유대-기독교 문명,사회과학,183
선택발명의 특허성에 관한 연구,사회과학,36
성장의 재역설 : 신공급 측면의 성장론,사회과학,13
세발자전거를 타고 가는 길 : 정부간 관계의 새로운 길,사회과학,34
세상에서 가장 쉬운 마케팅,사회과학,72
손정의 사업가 정신 : 창업과 경영의 본질을 말하다,사회과학,593
스타트업 디자인 씽킹 : 성공한 창업가의 7가지 디자인 마인드,사회과학,438
시와 철학의 융합교육론,사회과학,63
식민지 조선 불취학자들의 배움 : 야학경험자의 구술사를 토대로,사회과학,98
식민지조선과 법사상,사회과학,86
신간회의 교육운동,사회과학,25
아나키즘: 자율적인 개인들의 협력적 공동체,사회과학,76
아동돌봄은 정치적인가?,사회과학,18
아이의 눈으로 誨人探究: 그랭이 수업과 맞춤형 교육,사회과학,289
애덤 스미스와 칼 마르크스가 묻고 답하다,사회과학,495
오늘이 온다 : 제헌국회 회의록 속의 건국,사회과학,298
온라인 플랫폼 경제학,사회과학,21
우리들의 민주주의,사회과학,"24,230"
웰다잉을 위한 호스피스 실천론,사회과학,165
유럽법약사 : A Short History of European Law,사회과학,278
유아교사가 알아야 할 인공지능의 모든 것,사회과학,305
"이미 언제나 잡종이었던 우리 : 이주, 난민, 혼종",사회과학,44
이민정책론,사회과학,524
이해사회학,사회과학,"1,920"
인격과 세계관,사회과학,182
인공지능 시대 인간의 조건 : 플랫폼과 알고리즘으로 지배하는 인지자본주의의 현재,사회과학,743
인공지능과 알고리듬 사회,사회과학,218
인디오의 변덕스러운 혼 : 16세기 브라질에서 가톨릭과 식인의 만남,사회과학,"1,233"
읽기 격차의 해소,사회과학,361
자본의 무의식 : 자본주의의 꿈과 한민족 공동체를 향한 욕망,사회과학,369
장애인 평생교육의 이해,사회과학,105
전염병의 지리학 : 병은 어떻게 세계를 습격하는가,사회과학,430
전환의 시대의 일과 삶 그리고 학습,사회과학,75
절망을 그리다,사회과학,47
정부규제와 중소기업 기술혁신 : 이론과 실제,사회과학,44
정서 학설 2 : 역사-심리학적 연구,사회과학,114
정치학적 계몽 : 루만의 체계이론적 정치사회학,사회과학,163
제조기업 생존 키워드! 스마트팩토리,사회과학,102
제주 도구 : 섬땅의 삶을 일군 지혜,사회과학,104
젠더와 법,사회과학,82
조사방법론 : 연구경험의 공유,사회과학,109
조선후기 읍지편찬의 계보,사회과학,75
조직 효율성 진단과 평가 - DEA & AHP : 우리 조직은 효율적으로 운영되고 있는가?,사회과학,84
좋은 부모되기를 위한 예비부모교육,사회과학,21
중국식 현대화와 시진핑 리더십 : 중국공산당 제20차 전국대표대회 분석,사회과학,448
중국의 통치 체제(1) : 공산당 영도 체제,사회과학,"1,133"
중국의 통치 체제(2) : 공산당 통제 기제,사회과학,842
"지방 소멸 시대의 농촌 교육, 우리가 몰랐던 진실들",사회과학,132
진안군 중평 마을공동체 : 공동체 원형을 찾아서,사회과학,70
참여와 협력의 ESG 모델: 지속가능한 경영을 위한 미래성장 전략,사회과학,40
청소년 문화,사회과학,"1,901"
추석 : 더도 말고 덜도 말고 한가위만 같아라,사회과학,35
"코칭학 : 지평, 실제 그리고 연구",사회과학,252
퀀트의 정석: 현직 퀀트 트레이더가 알려주는 퀀트 투자를 위한 7가지 빌딩블록,사회과학,"1,026"
클라우드 사회과학연구 자동화를 이용한 사회과학 논문 작성하기,사회과학,65
탄소중립도시를 위한 역세권 개발론,사회과학,76
탈냉전시대 아시아의 재구성과 아시아인의 정체성,사회과학,51
통치와 생존의 인구학 : 지피지기의 관점에서,사회과학,64
평화학,사회과학,355
포스트매스미디어 : 연관성 위기에서 초위기로,사회과학,358
포스트코로나 시대의 교육복지안전망 구축방안 : 취약계층아동의 교육불평등 해소를 중심으로,사회과학,42
품질경영 캡스톤디자인,사회과학,32
프레이리에게 변혁의 길을 묻다 : 파울루 프레이리 교육학의 사상적 뿌리,사회과학,769
한국 영어교육 140년사,사회과학,35
"한국경제론 : 성취와 유산, 그리고 도전",사회과학,15
한국사회 불평등과 빈곤 현실,사회과학,85
한국의 언어 민속지 : 경기도 편,사회과학,30
"한국자본시장의 이해 : 기능과 구조, 법제환경",사회과학,110
"한일 여성문학자, 그녀들의 ‘개인-되기’ : 연애 · 성욕 · 광기",사회과학,26
행동 재무론 : 합리적 인간의 비합리적 선택,사회과학,201
행동경제학 강의 노트 3/e : 인문학과 실생활에서 배우는 행동경제학,사회과학,166
행정기관에 의한 수사권 행사,사회과학,37
"혼돈의 글로벌 시대, 공동체주의를 말하다",사회과학,92
회계기준과 세법,사회과학,66
IoT 실습으로 배우는 센서공학,기술과학,457
New 식품공학,기술과학,478
PSIM과 MATLAB을 활용한 전력변환 제어기 설계,기술과학,444
Writing Successful Scientific Papers : A User’s Guide,기술과학,11
간기능검사 돋보기,기술과학,51
"간호, 보건계열 학생을 위한 감염관리학",기술과학,122
건설 디지털 트랜스포메이션,기술과학,73
건전성 예측관리 지식체계 실무가이드,기술과학,124
"구순구개열의 종합적 진단과 치료 : 수술, 언어, 교정치료",기술과학,48
근감소증,기술과학,105
글로벌 음식문화,기술과학,236
기초이론과 함께 하는 영구자석 전동기의 설계,기술과학,18
나는 미래의 병원으로 간다 : 이전 세상에 없던 병원을 꿈꾸다,기술과학,131
내 몸을 살리는 영양과 건강 이야기(3),기술과학,192
내 삶을 바꾸는 설탕과 탄수화물 이야기,기술과학,169
노화역학,기술과학,10
노화학 사전 : 우리 몸에서 일어나는 노화의 모든 것,기술과학,598
누구나 할 수 있는 빈혈의 진단과 치료,기술과학,86
닥터단감의 간이식만화,기술과학,331
닥터풋볼 : 부상은 피하고 컨디션은 올리는 축구 의학·과학 팁,기술과학,364
당뇨병 치료 트렌드 : SGLT2억제제와 DPP4억제제 능숙하게 사용하기,기술과학,85
대한민국 제조의 미래 : 혁신과 전략,기술과학,38
도시를 만드는 법 : 건축과 법이 함께 만드는 좋은 도시,기술과학,787
동북아 불교철학과 마음의 공간 구축론,기술과학,79
드론공학,기술과학,638
디지털 덴티스트리 : 기초부터 임상활용까지 완벽 가이드,기술과학,50
디지털 포렌식 한 권으로 끝내기,기술과학,174
메타버스로 확장하는 메타스쿨 : 우리는 메타스쿨로 등교한다,기술과학,236
면역항암치료의 이해,기술과학,"1,224"
사면안정 설계이론 및 실무해석,기술과학,130
서울 어바니즘,기술과학,727
섬유지식(3),기술과학,438
소아 기분장애 진단 및 치료 임상 핸드북,기술과학,128
술자리보다 재미있는 우리 술 이야기 : 이대형의 전통주 인문학,기술과학,941
쉽고 재미있게 만화로 배우는 피부과학,기술과학,115
식품에 함유된 나노플라스틱과 미세플라스틱 분석,기술과학,115
암 역학 교과서,기술과학,149
암석역학,기술과학,47
"약물나무 : 약물 내비게이션, 나무를 보면 약물이 보인다",기술과학,121
에너지전환과 한국 가스산업의 현재와 미래 : 천연가스 우회직수입 문제에 대한 실증분석,기술과학,59
에어로졸,기술과학,20
예술적 원칙에 따른 도시설계,기술과학,607
유진홍 교수의 감염강의 42강(1-2),기술과학,250
인공지능/연결기반 자율주행차량,기술과학,261
임상치위생학,기술과학,38
자율주행 자동차공학,기술과학,345
자폐증 회복 : 생의학적 치료의 부모 매뉴얼,기술과학,"1,006"
장애아동의 이해,기술과학,"1,125"
전기 및 하이브리드 자동차,기술과학,279
지반사고 조사론,기술과학,101
철근콘크리트 : 강도설계법과 한계상태설계법,기술과학,414
철도안전개론,기술과학,26
최소침습 도침치료,기술과학,311
캐릭터 디자인 수업,기술과학,600
탄소중립 시기의 CCS,기술과학,37
하천변화와 적응,기술과학,28
한국 식품산업의 세계 비전,기술과학,119
현대한의학개론,기술과학,"1,100"
화공인공지능,기술과학,176
환경 전과정평가,기술과학,572
갤러리 사운드,예술,982
금강역사상,예술,266
도시 축제의 아름다움 : 그림으로 읽는 16~19세기 중국과 일본의 도시 축제,예술,54
문화 상징으로서의 인용음악 : 현대음악에 나타난 상호텍스트성 미학,예술,90
배우와 연기를 보는 여섯 개의 시선,예술,32
배우의 말하기 훈련,예술,329
비교의 항해술,예술,347
"생각하는 몸, 발레하는 몸",예술,55
"스탠리 카벨의 오토마티즘 이론의 세 가지 주제 요소들 : 영화, 존재론, 철학 지성",예술,193
스포츠하는 사회,예술,898
우리에게 다가온 러시아 오페라,예술,163
음악학 핵심 개념 · 96,예술,128
중국 무협 블록버스터 영상미 그리고 음악,예술,30
케임브리지 서양음악이론의 역사,예술,238
한국도자제작기술사,예술,226
한국영화사(韓國映畵史),예술,120
한국오페라 5인 5색,예술,10
"한국의 반가사유상 : 세계 최대, 최고의 걸작",예술,207
4·19세대 문학과 자기형성의 서사학,문학,30
RECORD OF THE WORDS AND DEEDS OF YUHANDANG SA-SSI,문학,16
고려시가와 음악,문학,10
괴상하고 무섭고 슬픈 존재들 : 근현대 한국 괴기공포 서사의 흐름,문학,361
교차하는 페미니즘 : 한국어문학에 나타난 젠더 (무)의식,문학,15
"도스토옙스키의 철도, 칼, 그림",문학,"1,503"
문학 더하기 : 문학의 조건과 변수,문학,35
문학과 의학의 접경 : 의료문학의 이론과 쟁점,문학,90
문학지리학개론,문학,90
바진의 수상록,문학,35
북한문학비평사,문학,29
수용과 창화 : 한중 고대문인의 문학교류,문학,50
수필의 향기,문학,636
역주 해동악부,문학,60
이광수 문학의 심층적 독해 : '근대주의'의 오독을 넘어,문학,128
일제강점기 동시 연구,문학,33
"전향, 순수, 전후, 참여 : 대한민국 문학의 형성과 매체",문학,177
조선후기 기생의 공간과 문화,문학,40
중국고전문예이론,문학,20
"중국문학, 서사로 다시 읽기",문학,68
한국 시극 작품에 나타난 공간성,문학,45
한국문학의 영문학 수용 1922~1954,문학,106
한국의 냉전문화사,문학,198
한일 학문의 역전,문학,145
해독과 해석,문학,20
AI 빅뱅 : 생성 인공지능과 인문학 르네상스,철학/심리학/윤리학,"3,018"
가족이라는 착각 : 얽매이고 상처받은 가족을 치유하는 마음 기술,철학/심리학/윤리학,"1,292"
감정의 늪에서 빠져나오는 중입니다 : 상처에 숨어버린 진짜 마음을 찾는 법,철학/심리학/윤리학,432
감정의 철학 수업,철학/심리학/윤리학,443
공부의 감각,철학/심리학/윤리학,"5,319"
"과거가 남긴 우울 미래가 보낸 불안 : 후회, 자책, 걱정, 초조를 멈추는 심리학",철학/심리학/윤리학,"4,889"
관계를 망치지 않는 대화법 : 후회가 줄고 오해가 풀리는 소통의 기술,철학/심리학/윤리학,975
그렇게 죽지 않는다,철학/심리학/윤리학,"1,308"
나를 알고 싶어서 그림책을 펼쳤습니다,철학/심리학/윤리학,"2,200"
나를 읽는 인문학 수업,철학/심리학/윤리학,629
나의 작은 철학 : 일상의 틈을 우아하게 건너는 법,철학/심리학/윤리학,"2,558"
나이를 이기는 심리학,철학/심리학/윤리학,516
내 머리맡의 사유,철학/심리학/윤리학,303
"내가 살린 환자, 나를 깨운 환자",철학/심리학/윤리학,102
내향인을 위한 심리학 수업 : 오늘도 나를 숨기고 외향인인 척 살아가는 내향형 인간의 해방일지,철학/심리학/윤리학,"1,977"
"논어 속의 사람들, 사람들 속의 논어",철학/심리학/윤리학,188
다석 유영모의 늙은이 풀이,철학/심리학/윤리학,323
"데리다와의 데이트 : 나는 애도한다, 고로 존재한다",철학/심리학/윤리학,"1,317"
들숨에 긍정 날숨에 용기,철학/심리학/윤리학,"7,913"
디베이터 : 디베이팅 세계 챔피언 서보현의 하버드 토론 수업,철학/심리학/윤리학,"6,717"
라이프 인사이드,철학/심리학/윤리학,327
"마음 드라이빙 : 아이 셋 엄마, 대학 초보 운전대를 잡고 운전을 시작하다",철학/심리학/윤리학,44
마지막 끈을 놓기 전에,철학/심리학/윤리학,"1,030"
몸과 마음을 치유하는 공간,철학/심리학/윤리학,184
무기력의 심리학 : 무력감을 털어내고 나답게 사는 심리 처방전,철학/심리학/윤리학,"3,195"
바가와드 기따 : 박경숙이 싼스끄리뜨 원어에서 옮기고 역사적·비평적 주해로 길을 잡음,철학/심리학/윤리학,301
불타는 지구를 그림이 보여주는 것은 아니지만,철학/심리학/윤리학,142
사유의 충돌과 융합,철학/심리학/윤리학,238
성교육 어떻게 할까,철학/심리학/윤리학,"1,179"
성장할 수 있는 용기,철학/심리학/윤리학,"1,897"
세 살 네 살 넛지육아 : 뇌 과학자 아빠의 기발한 육아 전략,철학/심리학/윤리학,359
소크라테스의 가치들,철학/심리학/윤리학,"1,318"
"슬픈 열대, 공생을 향한 야생의 모험",철학/심리학/윤리학,620
시선 과잉 사회,철학/심리학/윤리학,93
"신화, 치유, 인간",철학/심리학/윤리학,618
아리스토텔레스의 악어 : 그림으로 읽는 철학사,철학/심리학/윤리학,237
아픔에도 우선순위가 있나요?,철학/심리학/윤리학,"2,906"
악어의 눈 : 포식자에서 먹이로의 전락,철학/심리학/윤리학,"1,298"
어른의 감정 수업 : 쉽게 상처받고 흔들리는 마음을 단단하게 지켜내는 법,철학/심리학/윤리학,"2,236"
어른이 되어 다시 만나는 철학,철학/심리학/윤리학,81
에릭 번의 감정 수업 : 내 안의 감정을 어떻게 다스릴 것인가,철학/심리학/윤리학,774
"열다섯, 심리학이 필요한 순간",철학/심리학/윤리학,963
오늘도 시작하지 못하는 당신을 위해 : 잘하고 싶어 시작을 망설이는 세상의 모든 완벽주의자들을 위한 진짜 완벽주의 활용법,철학/심리학/윤리학,"1,084"
오늘부터 나를 위해 울기로 했다 : 지나온 삶에 짓눌려 왔던 모든 여성을 위한 마음 수업,철학/심리학/윤리학,564
우리가 폭력이라 부르는 것들 : 교과서에서 배웠지만 잘 몰랐던 폭력 이야기,철학/심리학/윤리학,"1,999"
우리는 모두 생존자입니다,철학/심리학/윤리학,272
우리는 미래를 가져다 쓰고 있다 : 가장 낙관적인 미래를 위해 지금 우리가 해야 할 것,철학/심리학/윤리학,"1,365"
은유가 만드는 삶 : 모든 예술가들이 감춰온 기발함의 기원,철학/심리학/윤리학,"1,222"
은유란 무엇인가 : 천재들의 생각을 훔칠 단 하나의 방법,철학/심리학/윤리학,"2,344"
이웃집 식물상담소 : 식물들이 당신에게 건네는 이야기,철학/심리학/윤리학,"2,412"
익스텐드 마인드 : 창조성은 어떻게 뇌 바깥에서 탄생하는가,철학/심리학/윤리학,"2,106"
인생에 거친 파도가 몰아칠 때,철학/심리학/윤리학,726
일상 채우기 기술,철학/심리학/윤리학,41
지적 대화를 위한 교양인의 기호학,철학/심리학/윤리학,480
청소일로 돈 벌고 있습니다,철학/심리학/윤리학,585
치매의 모든 것,철학/심리학/윤리학,"1,356"
"토론의 힘, 생각의 격 : 교양인을 위한 70가지 시사이슈 찬반토론",철학/심리학/윤리학,"2,258"
"플라톤, 현실국가를 캐묻다",철학/심리학/윤리학,"2,319"
한국인의 사유방법,철학/심리학/윤리학,189
100교시 그림책 수업 : 우리가 학교에서 꼭 배워야 할 모든 것,사회과학,"1,015"
100대 기업 ESG 담당자가 가장 자주 하는 질문,사회과학,667
10대가 가짜 과학에 빠지지 않는 20가지 방법,사회과학,114
10대라면 반드시 알아야 할 교양 개념어 사전 : 수능 세대를 위해 알기 쉽게 풀이한 지식교양 개념들,사회과학,669
2023 한국이 열광할 세계 트렌드,사회과학,846
21세기 상호부조론,사회과학,968
40일간의 산업일주,사회과학,"3,044"
AI 시대 맞춤 수학 공부법 : 부모가 꼭 알아야 할 미래인재 수학 공부의 핵심,사회과학,263
"AI 이후의 세계 : 챗GPT는 시작일 뿐이다, 세계질서 대전환에 대비하라",사회과학,"11,676"
ESG 생존 경영,사회과학,657
ESG 한번에 이해하기,사회과학,81
The HR : 성장하는 기업에는 성공하는 HR이 있다,사회과학,"1,690"
가난이 사는 집,사회과학,471
가난한 도시생활자의 서울 산책 : 쫓겨난 자들의 잊힌 기억을 찾아서,사회과학,"1,787"
가르칠 수 없는 것을 가르치기 : 제천간디학교 교장 이병곤의 교육에세이,사회과학,"1,388"
가족 공부,사회과학,"11,332"
각자도사 사회,사회과학,"3,308"
강철잡 : 밥벌이를 고민하는 당신에게,사회과학,131
건축가의 습관 : 예술과 실용 사이,사회과학,233
결정하는 마음,사회과학,"37,624"
경세치용의 공공리더십 : 세상을 바꾸는 리더의 힘,사회과학,33
경제 전쟁의 흑역사 : 시장 질서를 박살 내고 세계경제에 자살골을 날린 무모한 대결의 연대기,사회과학,"1,545"
경제지식이 돈이다,사회과학,461
"경제학자의 시대 : 그들은 성공한 혁명가인가, 거짓 예언자인가",사회과학,83
공덕귀 : 생애와 사상,사회과학,26
공부하는 일 : 인문잡지 한편이 만난 저자와 편집자 6인이 연구하고 글 쓰는 방법,사회과학,941
공정함 쫌 아는 10대,사회과학,794
교사 감정 사전 : 상처받는 교사를 위한 마음 챙김 멘토링,사회과학,809
교사라는 세계 : 2030 교사가 들려주는 슬기로운 교직생활,사회과학,719
"교육철학잡기(5) [2022-2] : 비트겐슈타인의 <논리철학논고>, 헤세의 <나무>, 그리고 <주역>",사회과학,38
그래도 나아간다는 믿음 : UN 인권위원의 새로운 인권 이야기,사회과학,284
그래서 마케팅에도 심리학이 필요합니다,사회과학,"1,030"
"기본소득, 공상 혹은 환상 : 기본소득을 넘어 국가를 다시 생각해보기",사회과학,538
기울어진 스크린 : 장애 필터를 통해 대중문화 읽기,사회과학,378
기후 전환 사회,사회과학,81
기후를 위한 경제학 : 지구 한계 안에서 좋은 삶을 모색하는 생태경제학 입문,사회과학,"3,582"
길을 만들다 ESG 경영,사회과학,36
꿈을 찾는 10대를 위한 진로수업,사회과학,"1,121"
나 좋자고 하는 일인데요 : 회사가 아닌 나에게 충성하는 일잘러 7인의 이야기,사회과학,536
나는 세무사 없이 세금 신고한다,사회과학,"1,897"
나는 왜 소년범을 변호했을까 : 우리 사회에서 낙인찍힌 그들을 위한 변론,사회과학,568
나는 인스타마켓으로 월급보다 많이 번다 : SNS 왕초보도 돈 버는 인스타그램 공동구매,사회과학,675
나무 심는 CEO : 미래 경영에 자연의 가치를 심다,사회과학,99
나의 빈틈을 채워주는 교양 콘서트,사회과학,54
나의 첫 경제사 수업,사회과학,622
납작하고 투명한 사람들 : 변호사가 바라본 미디어 속 소수자 이야기,사회과학,331
낯선 사람,사회과학,"2,038"
내일 학교 : 교육을 바꾸는 디자인의 힘,사회과학,366
노동의 상실 : 좋은 일자리라는 거짓말,사회과학,985
"농업, 트렌드가 되다 : MK 에디션",사회과학,"1,109"
누가 내집 마련의 꿈을 빼앗아갔는가?,사회과학,604
"뉴마켓, 새로운 기회 : 메타버스부터 ESG까지 6가지 메가 트렌드",사회과학,119
늙어감을 사랑하게 된 사람들,사회과학,"1,489"
능력주의의 두 얼굴,사회과학,521
당신의 라이프스타일을 사겠습니다,사회과학,240
"당신이 지금껏 오해한, 세상을 지배한 단어들",사회과학,297
"대면 비대면 외면 : 뉴노멀 시대, 우리는 어떻게 연결되는가",사회과학,"1,592"
대전환,사회과학,"2,115"
대한민국 교육트렌드 2023 : 한국교육을 움직이는 20가지 키워드,사회과학,"1,969"
"대한민국, 선진국의 조건",사회과학,785
데이터로 바라본 코로나 세상 : 코로나 이후의 세상을 위해,사회과학,28
도시의 생존 : 도시의 성장은 계속될 것인가,사회과학,"1,221"
"돌봄이 돌보는 세계 : 취약함을 가능성으로, 공존을 향한 새로운 질서",사회과학,"2,537"
"동물, 채소 정크푸드",사회과학,184
디지털 권리장전 : 디지털제국에 보내는 32가지 항소이유서,사회과학,273
로봇의 지배 : 인공지능은 어떻게 모든 것을 바꿔 놓았나,사회과학,856
"마흔, 다시 만날 것처럼 헤어져라",사회과학,"3,581"
말을 부수는 말 : 왜곡되고 둔갑되는 권력의 언어를 해체하기,사회과학,"3,290"
매일 같은 밥을 먹는 사람들 : 식사를 선택할 수 없는 삶,사회과학,279
메이킹 라이트 워크,사회과학,83
몸의 감각을 꺠우고 온전히 나를 되찾는 걷는 존재,사회과학,"1,056"
미래 교육 : 행복한 미래 학교,사회과학,496
박정희와 김대중의 대화 : 우리들의 자화상,사회과학,228
발칙한 인생후반전,사회과학,88
별난 사회 선생님의 역사가 지리네요,사회과학,"1,174"
별별 교사들 : 다양성으로 학교를 숨 쉬게 하는 교사들의 이야기,사회과학,"1,026"
"별일, 하고 산다 : 일잘러 위에 일잼러, 열 가지 일 이야기",사회과학,546
보이지 않는 도시,사회과학,"6,541"
"복지의 문법 : 부유한 나라의 가난한 정부, 가난한 국민",사회과학,"1,009"
부모의 말 : 아이의 마음을 제대로 읽은 부모의 말은 다릅니다,사회과학,"4,163"
부의 삼각형,사회과학,"9,599"
브랜드로 남는다는 것 : 홍성태 교수의 특별한 경영수업,사회과학,"9,101"
비즈니스 관점으로 꿰뚫은 거의 모든 인공지능 : 인공지능이 만들어내는 새로운 부의 지도를 읽다,사회과학,187
비폭력으로 살아가기,사회과학,"2,802"
"빅씽, 디지털 경제로의 대전환",사회과학,153
뾰족한 마음 : 지치지 않고 세상에 말 걸기,사회과학,"1,066"
사람을 얻고 쓰고 키우고 남기는 법 제왕의 사람들,사회과학,355
사랑받은 아이는 흔들리지 않는다 : 우리 아이의 잠재력을 깨우는 존중의 육아법,사회과학,"1,240"
사이버전의 모든 것,사회과학,158
"산재를 말하다 : 산재의 문제, 변화 그리고 과제",사회과학,"1,014"
살아가는 책 : 책은 삶이 되고 너는 내가 된다,사회과학,"1,882"
상사가 열광하는 마법의 보고서,사회과학,190
섬이 된 할망,사회과학,233
세상에 없던 아이들이 온다 : 세계적 교육혁신가의 알파세대를 위한 21세기형 미래교육,사회과학,"1,307"
세상을 바로 보는 힘 통계 안목,사회과학,871
소비자의 마음을 읽어드립니다,사회과학,497
스마트 브레비티 : 디지털 시대의 글쓰기 바이블,사회과학,"6,451"
슬기로운 광고생활,사회과학,149
시험능력주의 : 한국형 능력주의는 어떻게 불평등을 강화하는가,사회과학,"1,596"
식량위기 대한민국,사회과학,"2,794"
신경다양성 교실 : 단 한 명도 놓치지 않는 통합교육의 시작,사회과학,"2,354"
아이를 함께 키울 온 마을은 어떻게 만들어야 할까? : 육아공동체 어린이뜨락과 조력자 소셜페다고그,사회과학,75
"아픈 이의 곁에 있다는 것 : 살면서 누구나 돌보는 이가 되고, 또 아픈 이가 된다",사회과학,527
악마는 꼴찌부터 잡아먹는다 : 구글러가 들려주는 알기 쉬운 경제학 이야기,사회과학,260
암밍아웃 : 암이 탄생시킨 새로운 단어들,사회과학,193
애덤 스미스 함께 읽기 : 다시 보는 『도덕감정론』과 『국부론』,사회과학,736
"액체 세대의 삶 : 생명처럼 강하고, 사랑처럼 유동적인",사회과학,576
"어딘가에는 살고 싶은 바다, 섬마을이 있다",사회과학,361
어른에게도 놀이터가 필요하다 : 주은경의 시민교육기획 노트,사회과학,419
언론을 상대하는 법 : 언론사 출신 변호사가 알려 주는 언론 피해자를 위한 법 안내서,사회과학,285
에덴 컬처,사회과학,53
에이징 솔로 : 혼자를 선택한 사람들은 어떻게 나이 드는가,사회과학,"10,995"
"우리 교육, 거장에게 묻다 : 초등 교사들이 쉽고 재미있게 풀어쓴 교육철학 이야기",사회과학,54
우리가 몰랐던 정치 이야기,사회과학,30
우크라이나전쟁과 신세계질서,사회과학,"3,619"
울고 있는 아이에게 말을 걸면,사회과학,"1,300"
유치원 아이들의 학급 자치 이야기,사회과학,428
의외로 사람들이 잘 모르는 정치,사회과학,544
이승만의 위대한 성취,사회과학,38
이해관계자 중심 경영 : 이해관계자 자본주의 시대의 ESG 경영,사회과학,432
인구소멸과 로컬리즘 : 대한민국 지방도시를 살리는 전략과 아이디어,사회과학,"1,844"
인벤션 : 발명의 성공과 실패 그리고 미래를 이야기하다!,사회과학,603
인섹타겟돈,사회과학,769
"일본 중소기업 진화생존기 : 100년 기업의 지혜, DEEP경영",사회과학,199
"일본이 흔들린다 : 경제, 정책, 산업, 인구로 살펴본 일본의 현재와 미래",사회과학,785
임수현의 친절한 사회과학 : 고전 20권 쉽게 읽기,사회과학,151
자연기반해법 : 위기에서 살아남는 현명한 방법,사회과학,266
"전쟁, 혁신, 사람 그리고 전략",사회과학,57
절대적이며 상대적인 리더십의 물리학,사회과학,263
제법 괜찮은 사람이 되어가는 중입니다,사회과학,207
주식유치원에서 배우는 해외주식 기초수업,사회과학,955
지속 불가능한 불평등 : 사회정의와 환경을 위하여,사회과학,"1,668"
지역 매니지먼트 효과와 재원,사회과학,201
"채용 대전환, 학벌 없는 시대가 온다 : 7인의 전문가가 들려주는 채용과 교육에 관한 놀라운 이야기",사회과학,"1,031"
챗GPT 거대한 전환,사회과학,"6,355"
철학이 있는 교실살이 : 힘겨운 교직 삶을 올곧게 꿋꿋이 헤쳐 나가려는 교사를 위한 교실 철학,사회과학,306
최상의 고객경험을 위한 휴먼 커넥션 전략 30,사회과학,198
최초의 죽음 : 신화로 읽는 죽음의 기원,사회과학,256
커뮤니티는 어떻게 브랜드의 무기가 되는가 : 새로운 소비 권력을 찐팬으로 만드는 커뮤니티의 힘,사회과학,"2,029"
코로나가 아이들에게 남긴 상처들,사회과학,887
"패션, 色을 입다 : 10가지 색, 100가지 패션, 1000가지 세계사",사회과학,"1,177"
평등하다는 착각 : 왜 여성의 말에는 권위가 실리지 않는가?,사회과학,"1,770"
포퓰리즘의 정치전쟁 : 종교화된 진영정치,사회과학,114
플랫폼적 사고를 펼쳐라 : 성경과 경영을 연결하는 16가지 이야기,사회과학,22
하룻밤에 다 읽는 경제 에스프레소 금융 : 29가지 흥미로운 이야기로 풀어낸 돈의 역사,사회과학,"1,139"
"한국 경제의 성장, 위기, 미래",사회과학,130
한국 생명운동과 문명전환,사회과학,273
"혁신에 대한 모든 것 : 혁신은 어떻게 탄생하고, 작동하고, 성공하는가",사회과학,"2,087"
환율 비밀 노트,사회과학,751
휴먼 프런티어 : 초연결시대에 생각해보는 거대한 아이디어의 미래,사회과학,315
희생의 리더십,사회과학,10
100년 체력을 위한 달리기 처방전 : 천천히 달리기의 과학,기술과학,"2,842"
"4~7세, 수면을 잘해야 아이가 알아서 공부합니다",기술과학,147
감염병의 역사,기술과학,346
"건축, 300년 : 영감은 어디서 싹트고 도시에 어떻게 스며들었나",기술과학,646
고통의 비밀,기술과학,"14,355"
그림책을 읽다 너의 마음을 보다,기술과학,260
글루코스 혁명,기술과학,"12,420"
김남호의 F1 스토리,기술과학,887
"내 몸의 설계자, 호르몬 이야기",기술과학,837
내 아이를 위한 주의력 수업,기술과학,"6,153"
놓치는 아이 심리 다독이는 부모 마음,기술과학,"1,660"
대한민국 신약개발 성공전략,기술과학,108
땅은 잘못 없다,기술과학,307
"마음의 중심이 무너지다 : 조현병 환자의 우정, 사랑, 그리고 법학 교수가 되기까지의 인생 여정",기술과학,725
미래를 바꾸는 탄소 농업,기술과학,596
부모 마음 상담소,기술과학,123
"불, 에너지, 재료의 역사 : 재료공학자가 들려주는 문명 이야기(1)",기술과학,57
사유 식탁,기술과학,"2,274"
사회적 자립과 자기통제를 키우는 ABA 교육법,기술과학,811
서서히 식물이 좋아집니다,기술과학,590
세균에 이름을 남긴 과학자들 세균과 사람,기술과학,219
세상에서 가장 쉬운 본질육아,기술과학,"25,261"
세상을 바꾼 발명과 혁신 : 피라미드에서 인공지능까지,기술과학,59
식탁 위의 작은 순간들,기술과학,"1,103"
약의 인문학,기술과학,183
어린이집 대신 완벽한 엄마 품 놀이터,기술과학,174
"에너지 전문가가 들려주는 에너지 에세이 세상을 움직이는 힘, 에너지",기술과학,161
우리가 바다에 버린 모든 것,기술과학,375
우리는 1형당뇨를 선택하지 않았습니다,기술과학,924
우리술 익스프레스,기술과학,"1,140"
이상한 나라의 모자장수는 왜 미쳤을까,기술과학,"1,160"
"인간이 만든 물질, 물질이 만든 인간",기술과학,855
인공지능과 뇌는 어떻게 생각하는가,기술과학,"2,060"
전기자동차가 다시 왔다?!,기술과학,729
정원의 기억,기술과학,720
조선미의 현실 육아 상담소,기술과학,"17,559"
주말엔 여섯 평 농막으로 갑니다 : 조금 별난 변호사의 농막사용설명서,기술과학,"1,899"
"지랄발광 사춘기, 흔들리는 사십춘기",기술과학,767
초등학생이 좋아하는 동화책 200,기술과학,"3,045"
한국 술 열전 : 유니콘 양조장 발굴기,기술과학,239
화성탐사선을 탄 걸리버 : 곽재식이 들려주는 고전과 과학 이야기,기술과학,634
NFT Art : 그 무엇으로도 대체 불가능한 예술,예술,247
THE CERAMICS,예술,36
TV 세트 디자인의 세계 : MBC 미술감독 정종훈의 35년 작업 모음집,예술,47
게임 : 행위성의 예술,예술,"4,545"
관조,예술,89
"그 사람을 가졌는가 : 오늘, 옛 그림 속의 성현들에게 지혜를 청하다",예술,37
그림책 보는 기쁨,예술,"1,337"
나의 일본미술 순례(1) : 일본 근대미술의 이단자들,예술,"1,079"
니 얼굴 : 은혜씨 그림집,예술,829
"동아시아 미술, 젠더Gender로 읽다 : 한중일 여성을 생각하는 11개의 시선",예술,421
디자이너의 일상과 실천,예술,"5,423"
"문자, 미를 탐하다 : 동아시아 문자예술의 미학",예술,315
"빛과 바람의 그림, 고려불화 : 고려불화 도상에 담긴 이야기",예술,465
산수와 풍경의 세계 : 7명의 고전과 7명의 선구,예술,284
살고 싶다면 웨이트,예술,612
색을 찍는 사진관,예술,"1,292"
생생하게 살아 있는 캐릭터 만드는 법 : 심리학으로 풀어낸 개성 넘치는 캐릭터 창작법,예술,"2,956"
서양 코스튬 연대기,예술,516
수학이 사랑한 음악 : 고대부터 AI 음악까지 음악사와 기술사의 교양서,예술,"1,373"
시네 아프리카 : 영화로 읽는 아프리카 문화,예술,10
어제의 영화. 오늘의 감독. 내일의 대화. : 민용준 인터뷰집,예술,599
오랜 시간 멋진 유행가 365 : 시대와 유행을 만든 노래들,예술,139
"음악인류학자의 케이팝하기 : 대중음악, 팬덤, 그리고 정체성",예술,310
일본 현대 디자인사,예술,433
일요일의 음악실 : 우리가 음악으로 연결되는 쉰두 번의 음악 수업,예술,"3,317"
젬스톤 : 매혹의 컬러,예술,"1,219"
쫌 이상한 체육 시간 : 아는 만큼 재미있는 스포츠 인문학,예술,"1,490"
팔공산,예술,45
표구의 사회사 : 기록되지 않았던 미술 이야기,예술,545
피아노 시작하는 법 : 새로운 나를 발견하는 기쁨,예술,"3,029"
한국 구축주의의 기원 : 1920~30년대 김복진과 이상,예술,225
한밤중의 꽃향기,예술,515
할머니체조대회,예술,330
화가가 사랑한 나무들,예술,"6,697"
100개의 키워드로 읽는 한국 아동청소년문학,문학,"1,213"
갑신의 거 : 역사 소재 희곡 모음,문학,21
경주산책 : 삼화령에서 내려오다,문학,72
고자질하는 그림자,문학,10
"공간, 시대를 기억하다 : 사회적 아픔 너머 희망의 다크 투어리즘",문학,343
그 오월의 딸기,문학,"1,546"
그러면 치킨도 안 먹어요?,문학,102
나는 까마귀,문학,"2,043"
나무와 돌과 어떤 것,문학,948
나무의 귓속말이 떨어져 새들의 식사가 되었다,문학,373
나의 꼬마 선생님,문학,234
"나의 비타, 나의 버지니아",문학,799
나의 열여섯 살을 지켜준 책들,문학,747
내일은 또 다른 날,문학,392
누가 뭐라든 너는 소중한 존재,문학,844
누가 뭐라든 당신 꽃을 피워 봐요,문학,197
눈물을 심어본 적 있는 당신에게,문학,646
다이브,문학,"5,916"
돌봄과 작업 : 나를 잃지 않고 엄마가 되려는 여자들,문학,"4,536"
"돌섬, 바다의 노래 Dokdo, the Isle of Rocky Waves",문학,235
마지막 서커스,문학,251
미물일기,문학,318
박용래 시전집,문학,838
박제사의 사랑,문학,201
방어가 제철,문학,619
별일 아닌데 뿌듯합니다,문학,468
빈집,문학,"1,674"
빗소리 듣기 모임,문학,115
"사계절 취미 잡화점, 호비클럽으로 오세요",문학,738
사춘기라는 우주,문학,"1,333"
시간의 다락 : 읽히지 않는 책들에게,문학,342
아무도 모를 것이다,문학,"1,883"
아빠가 엄마야,문학,"3,684"
알고 보면 반할 꽃시 : 한시로 읽는 우리 꽃 이야기,문학,"1,992"
알바니아 의자,문학,57
야버즈,문학,70
언더스토리,문학,"1,329"
온난한 날들,문학,317
우리는 농담이(아니)야,문학,"5,829"
원대 산곡선집,문학,41
"이 편지는 제주도로 가는데, 저는 못 가는군요",문학,561
일상은 얼마나 가볍고 또 무거운가,문학,439
첫사랑 49.5℃,문학,633
툰드라,문학,"4,073"
파도,문학,"3,840"
평안도 이야기 : 한국 근대 문학 기행,문학,505
푸른 수염의 방,문학,789
푸른 숨,문학,"1,277"
프로젝트 브이,문학,629
함경도 이야기 : 한국 근대 문학 기행,문학,470
